,File Name,Duration (s)
0,T6B73110000,202688
1,T6B73110001,179920
2,T6B73110002,168768
3,T6B73110003,467968
4,T6B73110004,229504
5,T6B73110005,162688
6,T6B73110006,100736
7,T6B73110007,237072
8,T6B73110008,221856
9,T6B73110009,433088
10,T6B73110010,643552
11,T6B73110011,219456
12,T6B73110012,149312
13,T6B73110013,250752
14,T6B73110014,228736
15,T6B73110015,329888
16,T6B73110016,589920
17,T6B73110017,465248
18,T6B73110018,199456
19,T6B73110019,182880
20,T6B73110020,168544
21,T6B73110021,393536
22,T6B73110022,273600
23,T6B73110023,154048
24,T6B73110024,271776
25,T6B73110025,245792
26,T6B73110026,115584
27,T6B73110027,145888
28,T6B73110028,208416
29,T6B73110029,174688
30,T6B73110030,224512
31,T6B73110031,277664
32,T6B73110032,185440
33,T6B73110033,144384
34,T6B73110034,165024
35,T6B73110035,169568
36,T6B73110036,200608
37,T6B73110037,569024
38,T6B73110038,317984
39,T6B73110039,185952
40,T6B73110040,144416
41,T6B73110041,361216
42,T6B73110042,159904
43,T6B73110043,113248
44,T6B73110044,304928
45,T6B73110045,214464
46,T6B73110046,144608
47,T6B73110047,431392
48,T6B73110048,300320
49,T6B73110049,188256
50,T6B73110050,153440
51,T6B73110051,229856
52,T6B73110052,176800
53,T6B73110053,332512
54,T6B73110054,208320
55,T6B73110055,246240
56,T6B73110056,232160
57,T6B73110057,141984
58,T6B73110058,164960
59,T6B73110059,276064
60,T6B73110060,288384
61,T6B73110061,216416
62,T6B73110062,237216
63,T6B73110063,395232
64,T6B73110064,237216
65,T6B73110065,172960
66,T6B73110066,151584
67,T6B73110067,500832
68,T6B73110068,184160
69,T6B73110069,223904
70,T6B73110070,212576
71,T6B73110071,187872
72,T6B73110072,403552
73,T6B73110073,328448
74,T6B73110074,523872
75,T6B73110075,163552
76,T6B73110076,269024
77,T6B73110077,293728
78,T6B73110078,261856
79,T6B73110079,196064
80,T6B73110080,268192
81,T6B73110081,220832
82,T6B73110082,110208
83,T6B73110083,105760
84,T6B73110084,366688
85,T6B73110085,98272
86,T6B73110086,182176
87,T6B73110087,203072
88,T6B73110088,641568
89,T6B73110089,401184
90,T6B73110090,281120
91,T6B73110091,190432
92,T6B73110092,233664
93,T6B73110093,178336
94,T6B73110094,119712
95,T6B73110095,483872
96,T6B73110096,253280
97,T6B73110097,102624
98,T6B73110098,312288
99,T6B73110099,140480
100,T6B73110100,439040
101,T6B73110101,113824
102,T6B73110102,211936
103,T6B73110103,211872
104,T6B73110104,234240
105,T6B73110105,296416
106,T6B73110106,98656
107,T6B73110107,280704
108,T6B73110108,350752
109,T6B73110109,396640
110,T6B73110110,291008
111,T6B73110111,281696
112,T6B73110112,215680
113,T6B73110113,190752
114,T6B73110114,187616
115,T6B73110115,265184
116,T6B73110116,211232
117,T6B73110117,168224
118,T6B73110118,289952
119,T6B73110119,141216
120,T6B73110120,174112
121,T6B73110121,218496
122,T6B73110122,913568
123,T6B73110123,163552
124,T6B73110124,431456
125,T6B73110125,144672
126,T6B73110126,426560
127,T6B73110127,282368
128,T6B73110128,326784
129,T6B73110129,608736
130,T6B73110130,262784
131,T6B73110131,189792
132,T6B73110132,257376
133,T6B73110133,250464
134,T6B73110134,158208
135,T6B73110135,218880
136,T6B73110136,156384
137,T6B73110137,159456
138,T6B73110138,213856
139,T6B73110139,326592
140,T6B73110140,352448
141,T6B73110141,203360
142,T6B73110142,266720
143,T6B73110143,225376
144,T6B73110144,191200
145,T6B73110145,179296
146,T6B73110146,203616
147,T6B73110147,420352
148,T6B73110148,200096
149,T6B73110149,193632
150,T6B73110150,128288
151,T6B73110151,148896
152,T6B73110152,293088
153,T6B73110153,905440
154,T6B73110154,337376
155,T6B73110155,289984
156,T6B73110156,246560
157,T6B73110157,248640
158,T6B73110158,202688
159,T6B73110159,302688
160,T6B73110160,369568
161,T6B73110161,202368
162,T6B73110162,193056
163,T6B73110163,148704
164,T6B73110164,289376
165,T6B73110165,580384
166,T6B73110166,130784
167,T6B73110167,90432
168,T6B73110168,105472
169,T6B73110169,421536
170,T6B73110170,331936
171,T6B73110171,143136
172,T6B73110172,151520
173,T6B73110173,160480
174,T6B73110174,265888
175,T6B73110175,378208
176,T6B73110176,242784
177,T6B73110177,312640
178,T6B73110178,368896
179,T6B73110179,213632
180,T6B73110180,204192
181,T6B73110181,342208
182,T6B73110182,220992
183,T6B73110184,172864
184,T6B73110185,190592
185,T6B73110186,242048
186,T6B73110187,242048
187,T6B73110188,316096
188,T6B73110189,287488
189,T6B73110190,427104
190,T6B73110191,144862
191,T6B73110192,230656
192,T6B73110193,172352
193,T6B73110194,368192
194,T6B73110195,142808
195,T6B73110196,202048
196,T6B73110197,492448
197,T6B73110198,168896
198,T6B73110199,333632
199,T6B73110200,239872
200,T6B73110201,147456
201,T6B73110202,266016
202,T6B73110203,185184
203,T6B73110204,487616
204,T6B73110205,218944
205,T6B73110206,290752
206,T6B73110207,302848
207,T6B73110208,382144
208,T6B73110209,135224
209,T6B73110210,186944
210,T6B73110211,908128
211,T6B73110212,325632
212,T6B73110213,178112
213,T6B73110214,359680
214,T6B73110215,378368
215,T6B73110216,407008
216,T6B73110217,353648
217,T6B73110218,212928
218,T6B73110219,156288
219,T6B73110220,178336
220,T6B73120000,311184
221,T6B73120001,171360
222,T6B73120002,375456
223,T6B73120003,156448
224,T6B73120004,204320
225,T6B73120005,234560
226,T6B73120006,170016
227,T6B73120007,167872
228,T6B73120008,264672
229,T6B73120009,164320
230,T6B73120010,492128
231,T6B73120011,182176
232,T6B73120012,164320
233,T6B73120013,194688
234,T6B73120014,624032
235,T6B73120015,198560
236,T6B73120016,549024
237,T6B73120017,231904
238,T6B73120018,353248
239,T6B73120019,349472
240,T6B73120020,126432
241,T6B73120021,156256
242,T6B73120022,336928
243,T6B73120023,348768
244,T6B73120024,249824
245,T6B73120025,215328
246,T6B73120026,85024
247,T6B73120027,138688
248,T6B73120028,165664
249,T6B73120029,221984
250,T6B73120030,88768
251,T6B73120031,201088
252,T6B73120032,182400
253,T6B73120033,266464
254,T6B73120034,303872
255,T6B73120035,367392
256,T6B73120036,89376
257,T6B73120037,177664
258,T6B73120038,206496
259,T6B73120039,200096
260,T6B73120040,193664
261,T6B73120041,269408
262,T6B73120042,458336
263,T6B73120043,146528
264,T6B73120044,360544
265,T6B73120045,314528
266,T6B73120046,246560
267,T6B73120047,339680
268,T6B73120048,83872
269,T6B73120049,158880
270,T6B73120050,83392
271,T6B73120051,201664
272,T6B73120052,456832
273,T6B73120053,179296
274,T6B73120054,299840
275,T6B73120055,126560
276,T6B73120056,143072
277,T6B73120057,361856
278,T6B73120058,150240
279,T6B73120059,361792
280,T6B73120060,513760
281,T6B73120061,535392
282,T6B73120062,241376
283,T6B73120063,204512
284,T6B73120064,154368
285,T6B73120065,729280
286,T6B73120066,278560
287,T6B73120067,398528
288,T6B73120068,254848
289,T6B73120069,85152
290,T6B73120070,354016
291,T6B73120071,310016
292,T6B73120072,202080
293,T6B73120073,320576
294,T6B73120074,226624
295,T6B73120075,826368
296,T6B73120076,195968
297,T6B73120077,325088
298,T6B73120078,173312
299,T6B73120079,765312
300,T6B73120080,282464
301,T6B73120081,465152
302,T6B73120082,542208
303,T6B73120083,283040
304,T6B73120084,272224
305,T6B73120085,194272
306,T6B73120086,164832
307,T6B73120087,360160
308,T6B73120088,433056
309,T6B73120089,355296
310,T6B73120090,215968
311,T6B73120091,116160
312,T6B73120092,231072
313,T6B73120093,380192
314,T6B73120094,301024
315,T6B73120095,274368
316,T6B73120096,398784
317,T6B73120097,380000
318,T6B73120098,179360
319,T6B73120099,532992
320,T6B73120100,303040
321,T6B73120101,317792
322,T6B73120102,392064
323,T6B73120103,264960
324,T6B73120104,197056
325,T6B73120105,304384
326,T6B73120106,684704
327,T6B73120107,299936
328,T6B73120108,370720
329,T6B73120109,388672
330,T6B73120110,295520
331,T6B73120111,211552
332,T6B73120112,450656
333,T6B73120113,282112
334,T6B73120114,295392
335,T6B73120115,283808
336,T6B73120116,192800
337,T6B73120117,556992
338,T6B73120118,222048
339,T6B73120119,279936
340,T6B73120120,174944
341,T6B73120121,113376
342,T6B73120122,196192
343,T6B73120123,320672
344,T6B73120124,227200
345,T6B73120125,554912
346,T6B73120126,245120
347,T6B73120127,199904
348,T6B73120128,137696
349,T6B73120129,180864
350,T6B73120130,165984
351,T6B73120131,368128
352,T6B73120132,478624
353,T6B73120133,293664
354,T6B73120134,339680
355,T6B73120135,296480
356,T6B73120136,274912
357,T6B73120137,359776
358,T6B73120138,178912
359,T6B73120139,169824
360,T6B73120140,308000
361,T6B73120141,514144
362,T6B73120142,347744
363,T6B73120143,67872
364,T6B73120144,180544
365,T6B73120145,250032
366,T6B73120146,444192
367,T6B73120149,262272
368,T6B73120150,144064
369,T6B73120151,356864
370,T6B73120153,341088
371,T6B73120155,295584
372,T6B73120157,237728
373,T6B73120158,165568
374,T6B73120159,352512
375,T6B73120160,292384
376,T6B73120161,174656
377,T6B73120162,300032
378,T6B73120163,122304
379,T6B73120164,280544
380,T6B73120165,319648
381,T6B73120166,202080
382,T6B73120168,377888
383,T6B73120169,206944
384,T6B73120170,164928
385,T6B73120171,307200
386,T6B73120172,269760
387,T6B73120173,311360
388,T6B73120174,562592
389,T6B73120175,457696
390,T6B73120176,470688
391,T6B73120177,193120
392,T6B73120178,810208
393,T6B73120179,248768
394,T6B73120180,335392
395,T6B73120181,211360
396,T6B73120182,213312
397,T6B73120183,180512
398,T6B73120184,537568
399,T6B73120185,362912
400,T6B73120186,109408
401,T6B73120187,530560
402,T6B73120188,177248
403,T6B73120189,204128
404,T6B73120190,229632
405,T6B73120191,305696
406,T6B73120192,641952
407,T6B73120193,167648
408,T6B73120194,204000
409,T6B73120195,203936
410,T6B73120196,203936
411,T6B73120197,386080
412,T6B73120198,175008
413,T6B73120199,236000
414,T6B73120200,214592
415,T6B73120201,214528
416,T6B73120202,298624
417,T6B73120203,144032
418,T6B73120204,289440
419,T6B73120205,250272
420,T6B73120206,289568
421,T6B73120207,144672
422,T6B73120208,257504
423,T6B73120209,163456
424,T6B73120210,427520
425,T6B73120211,393248
426,T6B73120212,303392
427,T6B73120213,206688
428,T6B73120214,280672
429,T6B73120215,92736
430,T6B73120216,197536
431,T6B73120217,128160
432,T6B73120218,267712
433,T6B73120219,329248
434,T6B73120220,389408
435,T6B73120221,322912
436,T6B73120222,461344
437,T6B73120223,259520
438,T6B73120224,228640
439,T6B73120225,267680
440,T6B73120226,91168
441,T6B73120227,364064
442,T6B73120228,405920
443,T6B73120229,208448
444,T6B73120230,283008
445,T6B73120231,318560
446,T6B73120232,386464
447,T6B73120233,330432
448,T6B73120234,249184
449,T6B73120235,267232
450,T6B73120236,203616
451,T6B73120237,330784
452,T6B73120238,264800
453,T6B73120239,222080
454,T6B73120240,376352
455,T6B73120241,387040
456,T6B73120242,147488
457,T6B73120243,388384
458,T6B73120244,108032
459,T6B73120245,181600
460,T6B73120246,365024
461,T6B73120247,340256
462,T6B73120248,297824
463,T6B73120249,263488
464,T6B73120250,273088
465,T6B73120251,533792
466,T6B73120252,488352
467,T6B73120253,310112
468,T6B73120254,328672
469,T6B73120255,353952
470,T6B73120256,361984
471,T6B73120257,407424
472,T6B73120258,197792
473,T6B73120259,420192
474,T6B73120260,405472
475,T6B73120261,363616
476,T6B73120262,182912
477,T6B73120263,407392
478,T6B73120264,237984
479,T6B73120265,220448
480,T6B73120266,314336
481,T6B73120267,173984
482,T6B73120268,285376
483,T6B73120269,338464
484,T6B73120270,375840
485,T6B73120271,190144
486,T6B73120272,139616
487,T6B73120273,156896
488,T6B73120274,140672
489,T6B73120275,206400
490,T6B73120276,495744
491,T6B73120277,418240
492,T6B73120278,460192
493,T6B73120279,291392
494,T6B73120280,204256
495,T6B73120281,299584
496,T6B73120282,347872
497,T6B73120283,648736
498,T6B73120284,151712
499,T6B73120285,418432
500,T6B73120286,175648
501,T6B73120287,322400
502,T6B73120288,284896
503,T6B73120289,314784
504,T6B73120290,174752
505,T6B73120291,281312
506,T6B73120292,731104
507,T6B73120293,388768
508,T6B73120294,555040
509,T6B73120295,225024
510,T6B73120296,448224
511,T6B73120297,337696
512,T6B73120298,249824
513,T6B73120299,260128
514,T6B73120300,141856
515,T6B73120301,155840
516,T6B73120302,238336
517,T6B73120303,168736
518,T6B73120304,359456
519,T6B73120305,249504
520,T6B73120306,199936
521,T6B73120307,158944
522,T6B73120308,199072
523,T6B73120309,109280
524,T6B73120310,60192
525,T6B73120311,261856
526,T6B73120312,286112
527,T6B73120313,167552
528,T6B73120314,243872
529,T6B73120315,236992
530,T6B73120316,287136
531,T6B73120317,241824
532,T6B73120318,150944
533,T6B73120319,446816
534,T6B73120320,176576
535,T6B73120321,467008
536,T6B73120322,373376
537,T6B73120323,413568
538,T6B73120324,238240
539,T6B73120325,519168
540,T6B73120326,232544
541,T6B73120327,310176
542,T6B73120328,163360
543,T6B73120329,260640
544,T6B73120330,177312
545,T6B73120331,488160
546,T6B73120332,353696
547,T6B73120333,520480
548,T6B73120334,305696
549,T6B73120335,240544
550,T6B73120336,419552
551,T6B73120337,223584
552,T6B73120338,164064
553,T6B73120339,356832
554,T6B73120340,513376
555,T6B73120341,317984
556,T6B73120342,212992
557,T6B73120343,208000
558,T6B73120344,373920
559,T6B73120345,589056
560,T6B73120346,654624
561,T6B73120347,405920
562,T6B73120348,150816
563,T6B73120349,722144
564,T6B73120350,303008
565,T6B73120351,424352
566,T6B73120352,254240
567,T6B73120353,401632
568,T6B73120354,364256
569,T6B73120355,395744
570,T6B73120356,254752
571,T6B73120357,200096
572,T6B73120358,291168
573,T6B73120359,326368
574,T6B73120360,282144
575,T6B73120361,242560
576,T6B73120362,243552
577,T6B73120363,194528
578,T6B73120364,199104
579,T6B73120365,257568
580,T6B73120366,385056
581,T6B73120367,287424
582,T6B73120368,212288
583,T6B73120369,246528
584,T6B73120370,205696
585,T6B73120371,329376
586,T6B73120372,222944
587,T6B73120373,634208
588,T6B73120374,339552
589,T6B73120375,288288
590,T6B73120376,144352
591,T6B73120377,292128
592,T6B73120378,383008
593,T6B73120379,546592
594,T6B73120380,220672
595,T6B73120381,204448
596,T6B73120382,239712
597,T6B73120383,387776
598,T6B73120384,260224
599,T6B73120385,377248
600,T6B73120386,224992
601,T6B73120387,402176
602,T6B73120388,210560
603,T6B73120389,204640
604,T6B73120390,280864
605,T6B73120391,349536
606,T6B73120392,335072
607,T6B73120393,250144
608,T6B73120394,321248
609,T6B73120395,322784
610,T6B73120396,211680
611,T6B73120397,316000
612,T6B73120398,365760
613,T6B73120399,233888
614,T6B73120400,192224
615,T6B73120401,168192
616,T6B73120402,314848
617,T6B73120403,284896
618,T6B73120404,209376
619,T6B73120405,305024
620,T6B73120406,310816
621,T6B73120407,343840
622,T6B73120408,270880
623,T6B73120409,319104
624,T6B73120410,363200
625,T6B73120411,348704
626,T6B73120412,283136
627,T6B73120413,307008
628,T6B73120414,335456
629,T6B73120415,294432
630,T6B73120416,455136
631,T6B73120417,295360
632,T6B73120418,397600
633,T6B73120419,468928
634,T6B73120420,332896
635,T6B73120421,380064
636,T6B73120422,313056
637,T6B73120423,219680
638,T6B73120424,323296
639,T6B73120425,228928
640,T6B73120426,526560
641,T6B73120427,213376
642,T6B73120428,194400
643,T6B73120429,190752
644,T6B73120430,267232
645,T6B73120431,238944
646,T6B73120432,249120
647,T6B73120433,420800
648,T6B73120434,234528
649,T6B73120435,367328
650,T6B73120436,209792
651,T6B73120437,166688
652,T6B73120438,491616
653,T6B73120439,827072
654,T6B73120440,313760
655,T6B73120441,324000
656,T6B73120442,372992
657,T6B73120443,522976
658,T6B73120444,358944
659,T6B73120445,308416
660,T6B73120446,233120
661,T6B73120447,358304
662,T6B73120448,252672
663,T6B73120449,105760
664,T6B73120450,139744
665,T6B73120451,122944
666,T6B73120452,445920
667,T6B73120453,205472
668,T6B73120454,303776
669,T6B73120455,170848
670,T6B73120456,417952
671,T6B73120457,200192
672,T6B73120458,311520
673,T6B73120459,379264
674,T6B73120460,186784
675,T6B73120461,186848
676,T6B73120462,788000
677,T6B73120463,158816
678,T6B73120464,211168
679,T6B73120465,211072
680,T6B73120466,524160
681,T6B73120467,190816
682,T6B73120468,185248
683,T6B73120469,210816
684,T6B73120470,208288
685,T6B73120471,338592
686,T6B73120472,439552
687,T6B73120473,256096
688,T6B73120474,427936
689,T6B73120475,265952
690,T6B73120476,464544
691,T6B73120477,221760
692,T6B73120478,636704
693,T6B73120479,146432
694,T6B73120480,441120
695,T6B73120481,98144
696,T6B73120482,203168
697,T6B73120483,330720
698,T6B73120484,584768
699,T6B73120485,346880
700,T6B73120486,422176
701,T6B73120487,574752
702,T6B73120488,437952
703,T6B73120489,234528
704,T6B73120490,260224
705,T6B73120491,161888
706,T6B73120492,163584
707,T6B73120493,167136
708,T6B73120494,211968
709,T6B73120495,228576
710,T6B73120496,169344
711,T6B73120497,392736
712,T6B73120498,403520
713,T6B73120499,458720
714,T6B73120500,190304
715,T6B73120501,151680
716,T6B73120502,285312
717,T6B73120503,362432
718,T6B73120504,170592
719,T6B73120505,129088
720,T6B73120506,127264
721,T6B73120507,332064
722,T6B73120508,290016
723,T6B73120509,383968
724,T6B73120510,372704
725,T6B73120511,148512
726,T6B73120512,325408
727,T6B73120513,420640
728,T6B73120514,275040
729,T6B73120515,277408
730,T6B73120516,273760
731,T6B73120517,235680
732,T6B73120518,464672
733,T6B73120519,508896
734,T6B73120520,188896
735,T6B73120521,665760
736,T6B73120522,306176
737,T6B73120523,144512
738,T6B73120524,193056
739,T6B73120525,192960
740,T6B73120526,244608
741,T6B73120527,198368
742,T6B73120528,248000
743,T6B73120529,410080
744,T6B73120530,157248
745,T6B73120531,460096
746,T6B73120532,108256
747,T6B73120533,109888
748,T6B73120534,792704
749,T6B73120535,672096
750,T6B73120536,158496
751,T6B73120537,213824
752,T6B73120538,209088
753,T6B73120539,537184
754,T6B73120540,368160
755,T6B73120541,313056
756,T6B73120542,443744
757,T6B73120543,380768
758,T6B73120544,477184
759,T6B73120545,729056
760,T6B73120546,393824
761,T6B73120547,262848
762,T6B73120548,459584
763,T6B73120549,202752
764,T6B73120550,439648
765,T6B73120551,415936
766,T6B73120552,95936
767,T6B73120553,304864
768,T6B73120554,227392
769,T6B73120555,541760
770,T6B73120556,196832
771,T6B73120557,176608
772,T6B73120558,174304
773,T6B73120559,481696
774,T6B73120560,515072
775,T6B73120561,119520
776,T6B73120562,255136
777,T6B73120563,380832
778,T6B73120564,162432
779,T6B73120565,360576
780,T6B73120566,273408
781,T6B73120567,150176
782,T6B73120568,766048
783,T6B73120569,255776
784,T6B73120570,275104
785,T6B73120571,196608
786,T6B73120572,596064
787,T6B73120573,129760
788,T6B73120574,206368
789,T6B73120575,138240
790,T6B73120576,251744
791,T6B73120577,215136
792,T6B73120578,385088
793,T6B73120579,215328
794,T6B73120580,116576
795,T6B73120581,581760
796,T6B73120582,320416
797,T6B73120583,346464
798,T6B73120584,306816
799,T6B73120585,226656
800,T6B73120586,736384
801,T6B73120587,193024
802,T6B73120588,305696
803,T6B73120589,209152
804,T6B73120590,129184
805,T6B73120591,230432
806,T6B73120592,197440
807,T6B73120593,192928
808,T6B73120594,187744
809,T6B73120595,136672
810,T6B73120596,242336
811,T6B73120597,389216
812,T6B73120598,163488
813,T6B73120599,258304
814,T6B73120600,226144
815,T6B73120601,191008
816,T6B73120602,144800
817,T6B73120603,185920
818,T6B73120604,370016
819,T6B73120605,186944
820,T6B73120606,425248
821,T6B73120607,324288
822,T6B73120608,172896
823,T6B73120609,210624
824,T6B73120610,210192
825,T6B73120611,232592
826,T6B73120612,168320
827,T6B73120613,199264
828,T6B73120614,250880
829,T6B73120615,263504
830,T6B73120616,202048
831,T6B73120617,145664
832,T6B73120618,238400
833,T6B73120619,171520
834,T6B73120620,295104
835,T6B73120621,516352
836,T6B73120622,134912
837,T6B73120623,474432
838,T6B73120624,317696
839,T6B73120625,133888
840,T6B73120626,152576
841,T6B73120627,222336
842,T6B73120628,169152
843,T6B73120629,139040
844,T6B73120630,168128
845,T6B73120631,210304
846,T6B73120632,324608
847,T6B73120633,339344
848,T6B73120634,272832
849,T6B73120635,297280
850,T6B73120636,348032
851,T6B73120637,519360
852,T6B73120638,139136
853,T6B73120639,159872
854,T6B73120640,150848
855,T6B73120641,135360
856,T6B73120642,133920
857,T6B73120643,293120
858,T6B73120644,432128
859,T6B73120645,278336
860,T6B73120646,437248
861,T6B73120647,141840
862,T6B73120648,202560
863,T6B73120649,241344
864,T6B73120650,381696
865,T6B73120651,237248
866,T6B73120652,129088
867,T6B73120653,208192
868,T6B73120654,454848
869,T6B73120655,645184
870,T6B73120656,89984
871,T6B73120657,532032
872,T6B73120658,1120384
873,T6B73120659,448448
874,T6B73120660,446016
875,T6B73120661,126016
876,T6B73120662,824512
877,T6B73120663,549920
878,T6B73120664,166688
879,T6B73120665,662336
880,T6B73120666,136360
881,T6B73120667,467136
882,T6B73120668,787648
883,T6B73120669,855808
884,T6B73120670,304768
885,T6B73120671,390720
886,T6B73120672,516096
887,T6B73120673,284608
888,T6B73120674,961280
889,T6B73120675,261120
890,T6B73120676,789760
891,T6B73120677,350720
892,T6B73120678,544384
893,T6B73120679,685248
894,T6B73120680,131328
895,T6B73120681,444864
896,T6B73120682,636928
897,T6B73120683,562944
898,T6B73120684,617152
899,T6B73120685,1006272
900,T6B73120686,655936
901,T6B73120687,635584
902,T6B73120688,433600
903,T6B73120689,784384
904,T6B73120690,228096
905,T6B73120691,1044864
906,T6B73120692,321072
907,T6B73120693,602560
908,T6B73120694,411584
909,T6B73120695,597760
910,T6B73120696,535552
911,T6B73120697,785344
912,T6B73120698,660672
913,T6B73120699,400576
914,T6B73200000,347360
915,T6B73200001,338912
916,T6B73200002,178720
917,T6B73200003,137184
918,T6B73200004,409888
919,T6B73200005,150048
920,T6B73200006,504864
921,T6B73200007,425856
922,T6B73200008,400928
923,T6B73200009,207488
924,T6B73200010,150048
925,T6B73200011,338944
926,T6B73200012,159456
927,T6B73200013,538176
928,T6B73200014,426624
929,T6B73200015,167584
930,T6B73200016,553152
931,T6B73200017,181904
932,T6B73200018,168448
933,T6B73200019,191360
934,T6B73200020,304192
935,T6B73200021,327072
936,T6B73200022,209024
937,T6B73200023,322112
938,T6B73200024,356752
939,T6B73200025,43584
940,T6B73200026,187008
941,T6B73200027,128512
942,T6B73200028,310000
943,T6B73200029,149216
944,T6B73200030,95200
945,T6B73200031,355360
946,T6B73200032,354144
947,T6B73200033,317664
948,T6B73200034,392544
949,T6B73200035,442912
950,T6B73200036,418528
951,T6B73200037,344224
952,T6B73200038,75648
953,T6B73200039,194688
954,T6B73200040,326880
955,T6B73200041,321824
956,T6B73200042,348640
957,T6B73200043,251136
958,T6B73200044,166368
959,T6B73200045,194752
960,T6B73200046,254112
961,T6B73200047,316960
962,T6B73200048,438880
963,T6B73200049,208480
964,T6B73200050,359072
965,T6B73200051,357472
966,T6B73200052,271744
967,T6B73200053,183392
968,T6B73200054,486272
969,T6B73200055,233504
970,T6B73200056,40960
971,T6B73200057,214656
972,T6B73200058,269984
973,T6B73200059,64992
974,T6B73200060,175968
975,T6B73200061,145024
976,T6B73200062,167488
977,T6B73200063,435424
978,T6B73200064,237600
979,T6B73200065,341280
980,T6B73200066,411904
981,T6B73200067,306656
982,T6B73200068,386976
983,T6B73200069,264896
984,T6B73200070,282816
985,T6B73200071,229248
986,T6B73200072,163584
987,T6B73200073,187584
988,T6B73200074,301824
989,T6B73200075,563424
990,T6B73200076,169888
991,T6B73200077,398144
992,T6B73200078,379232
993,T6B73200079,149856
994,T6B73200080,541344
995,T6B73200081,345120
996,T6B73200082,401280
997,T6B73200083,150368
998,T6B73200084,333728
999,T6B73200085,160928
1000,T6B73200086,175328
1001,T6B73200087,367936
1002,T6B73200088,327648
1003,T6B73200089,215264
1004,T6B73200090,363712
1005,T6B73200091,353536
1006,T6B73200092,150048
1007,T6B73200093,43776
1008,T6B73200094,502432
1009,T6B73200095,386080
1010,T6B73200096,366304
1011,T6B73200097,157184
1012,T6B73200098,197248
1013,T6B73200099,389920
1014,T6B73200100,172608
1015,T6B73200101,336768
1016,T6B73200102,442304
1017,T6B73200103,407520
1018,T6B73200104,443168
1019,T6B73200105,440704
1020,T6B73200106,204064
1021,T6B73200107,364832
1022,T6B73200108,350240
1023,T6B73200109,294624
1024,T6B73200110,208992
1025,T6B73200111,61760
1026,T6B73200112,329760
1027,T6B73200113,152672
1028,T6B73200114,460000
1029,T6B73200115,309408
1030,T6B73200116,519648
1031,T6B73200117,441856
1032,T6B73200118,195648
1033,T6B73200119,469920
1034,T6B73200120,196320
1035,T6B73200121,439904
1036,T6B73200122,359456
1037,T6B73200123,360448
1038,T6B73200124,146816
1039,T6B73200125,382560
1040,T6B73200126,353632
1041,T6B73200127,49184
1042,T6B73200128,454752
1043,T6B73200129,168000
1044,T6B73200130,361760
1045,T6B73200131,387552
1046,T6B73200132,130496
1047,T6B73200133,448480
1048,T6B73200134,259744
1049,T6B73200135,347168
1050,T6B73200136,418304
1051,T6B73200137,333344
1052,T6B73200138,254144
1053,T6B73200139,533760
1054,T6B73200140,290400
1055,T6B73200141,335136
1056,T6B73200142,222816
1057,T6B73200143,75264
1058,T6B73200144,364416
1059,T6B73200145,255904
1060,T6B73200146,175264
1061,T6B73200147,391648
1062,T6B73200148,178752
1063,T6B73200149,194176
1064,T6B73200150,24608
1065,T6B73200151,382016
1066,T6B73200152,390240
1067,T6B73200153,548640
1068,T6B73200154,159776
1069,T6B73200155,409024
1070,T6B73200156,297280
1071,T6B73200157,283488
1072,T6B73200158,436448
1073,T6B73200159,355232
1074,T6B73200160,470816
1075,T6B73200161,455136
1076,T6B73200162,236960
1077,T6B73200163,431616
1078,T6B73200165,374752
1079,T6B73200166,91200
1080,T6B73200167,285664
1081,T6B73200168,436928
1082,T6B73200169,332192
1083,T6B73200170,192960
1084,T6B73200171,428160
1085,T6B73200172,199712
1086,T6B73200173,630528
1087,T6B73200174,253344
1088,T6B73200175,475232
1089,T6B73200178,332032
1090,T6B73200180,299808
1091,T6B73200181,288704
1092,T6B73200182,261312
1093,T6B73200183,410880
1094,T6B73200184,276096
1095,T6B73200185,389600
1096,T6B73200186,406304
1097,T6B73200187,524512
1098,T6B73200189,432544
1099,T6B73200190,407552
1100,T6B73200191,385056
1101,T6B73200192,445216
1102,T6B73200193,171744
1103,T6B73200194,352544
1104,T6B73200195,193984
1105,T6B73200196,223264
1106,T6B73200197,386080
1107,T6B73200198,467072
1108,T6B73200199,405728
1109,T6B73200200,266464
1110,T6B73200202,314336
1111,T6B73200203,320416
1112,T6B73200204,435712
1113,T6B73200205,391776
1114,T6B73200206,305408
1115,T6B73200207,43968
1116,T6B73200208,298784
1117,T6B73200209,288320
1118,T6B73200210,365408
1119,T6B73200211,407648
1120,T6B73200212,493664
1121,T6B73200213,307520
1122,T6B73200214,416480
1123,T6B73200215,355520
1124,T6B73200216,293664
1125,T6B73200217,332928
1126,T6B73200218,38112
1127,T6B73200219,309792
1128,T6B73200220,355936
1129,T6B73200221,315424
1130,T6B73200222,443328
1131,T6B73200223,344992
1132,T6B73200224,149152
1133,T6B73200225,394528
1134,T6B73200226,187264
1135,T6B73200227,368224
1136,T6B73200228,138912
1137,T6B73200229,305056
1138,T6B73200230,368992
1139,T6B73200231,381536
1140,T6B73200232,450304
1141,T6B73200233,506400
1142,T6B73200234,181792
1143,T6B73200235,235392
1144,T6B73200236,126848
1145,T6B73200237,372064
1146,T6B73200238,403200
1147,T6B73200239,325152
1148,T6B73200240,188640
1149,T6B73200241,354528
1150,T6B73200242,146688
1151,T6B73200243,402144
1152,T6B73200244,407712
1153,T6B73200245,376704
1154,T6B73200246,415104
1155,T6B73200247,310656
1156,T6B73200248,361120
1157,T6B73200249,284480
1158,T6B73200250,453920
1159,T6B73200251,409312
1160,T6B73200252,335712
1161,T6B73200253,148896
1162,T6B73200254,300992
1163,T6B73200255,262240
1164,T6B73200256,155488
1165,T6B73200257,393440
1166,T6B73200258,112512
1167,T6B73200259,456448
1168,T6B73200260,169504
1169,T6B73200261,347296
1170,T6B73200262,434144
1171,T6B73200263,490848
1172,T6B73200264,298688
1173,T6B73200265,48832
1174,T6B73200266,376672
1175,T6B73200267,563488
1176,T6B73200268,372864
1177,T6B73200269,314784
1178,T6B73200270,188256
1179,T6B73200271,369952
1180,T6B73200272,319680
1181,T6B73200273,255872
1182,T6B73200274,162336
1183,T6B73200275,370400
1184,T6B73200276,133024
1185,T6B73200277,332896
1186,T6B73200278,346432
1187,T6B73200279,334688
1188,T6B73200280,338400
1189,T6B73200281,420672
1190,T6B73200282,292672
1191,T6B73200283,401824
1192,T6B73200284,249760
1193,T6B73200285,472000
1194,T6B73200286,224384
1195,T6B73200287,171264
1196,T6B73200288,54528
1197,T6B73200289,337696
1198,T6B73200290,349824
1199,T6B73200291,332448
1200,T6B73200292,473920
1201,T6B73200293,396384
1202,T6B73200294,201056
1203,T6B73200295,175424
1204,T6B73200296,115232
1205,T6B73200297,330816
1206,T6B73200298,357504
1207,T6B73200299,198464
1208,T6B73200300,168544
1209,T6B73200301,130944
1210,T6B73200302,194912
1211,T6B73200303,146848
1212,T6B73200304,379872
1213,T6B73200305,147584
1214,T6B73200306,146560
1215,T6B73200307,210400
1216,T6B73200308,148416
1217,T6B73200309,373632
1218,T6B73200310,32800
1219,T6B73200311,384416
1220,T6B73200312,229472
1221,T6B73200313,399008
1222,T6B73200314,355808
1223,T6B73200315,359328
1224,T6B73200316,353120
1225,T6B73200317,231392
1226,T6B73200318,75072
1227,T6B73200319,432064
1228,T6B73200320,321152
1229,T6B73200321,324320
1230,T6B73200322,69856
1231,T6B73200323,328288
1232,T6B73200324,469536
1233,T6B73200325,517504
1234,T6B73200326,384416
1235,T6B73200327,319232
1236,T6B73200328,474656
1237,T6B73200329,429440
1238,T6B73200330,228448
1239,T6B73200331,70400
1240,T6B73200332,413376
1241,T6B73200333,362496
1242,T6B73200334,168064
1243,T6B73200335,373920
1244,T6B73200336,432928
1245,T6B73200337,392864
1246,T6B73200338,356768
1247,T6B73200339,397152
1248,T6B73200340,205056
1249,T6B73200341,139296
1250,T6B73200342,425600
1251,T6B73200343,327744
1252,T6B73200344,322688
1253,T6B73200345,127776
1254,T6B73200346,433280
1255,T6B73200347,396640
1256,T6B73200348,164928
1257,T6B73200349,197792
1258,T6B73200350,317664
1259,T6B73200351,347776
1260,T6B73200352,329568
1261,T6B73200353,346368
1262,T6B73200354,360544
1263,T6B73200355,318208
1264,T6B73200356,366240
1265,T6B73200357,438240
1266,T6B73200358,169088
1267,T6B73200359,360096
1268,T6B73200360,289568
1269,T6B73200361,167104
1270,T6B73200362,498528
1271,T6B73200363,431168
1272,T6B73200364,415584
1273,T6B73200365,337024
1274,T6B73200366,480736
1275,T6B73200367,209824
1276,T6B73200368,416544
1277,T6B73200369,398304
1278,T6B73200370,149984
1279,T6B73200371,131904
1280,T6B73200372,222720
1281,T6B73200373,42592
1282,T6B73200374,306304
1283,T6B73200375,151744
1284,T6B73200376,353632
1285,T6B73200377,153760
1286,T6B73200378,335744
1287,T6B73200379,345728
1288,T6B73200380,166048
1289,T6B73200381,379168
1290,T6B73200382,474976
1291,T6B73200383,326144
1292,T6B73200384,474688
1293,T6B73200385,157728
1294,T6B73200386,254080
1295,T6B73200387,416448
1296,T6B73200388,375072
1297,T6B73200389,333728
1298,T6B73200390,452960
1299,T6B73200391,146528
1300,T6B73200392,331872
1301,T6B73200393,341184
1302,T6B73200394,451616
1303,T6B73200395,292832
1304,T6B73200396,156576
1305,T6B73200397,469664
1306,T6B73200398,308256
1307,T6B73200399,300512
1308,T6B73200400,302240
1309,T6B73200401,184544
1310,T6B73200402,185408
1311,T6B73200403,351424
1312,T6B73200404,252192
1313,T6B73200405,311520
1314,T6B73200406,402880
1315,T6B73200407,140224
1316,T6B73200408,130592
1317,T6B73200409,309600
1318,T6B73200410,36704
1319,T6B73200411,136512
1320,T6B73200412,389344
1321,T6B73200413,501696
1322,T6B73200414,358496
1323,T6B73200415,27200
1324,T6B73200416,155744
1325,T6B73200417,139776
1326,T6B73200418,168384
1327,T6B73200419,187232
1328,T6B73200420,298848
1329,T6B73200421,179136
1330,T6B73200422,295360
1331,T6B73200423,300320
1332,T6B73200424,108224
1333,T6B73200425,175936
1334,T6B73200426,325696
1335,T6B73200427,316992
1336,T6B73200428,334016
1337,T6B73200429,326336
1338,T6B73200430,302592
1339,T6B73200431,294208
1340,T6B73200432,359744
1341,T6B73200433,388320
1342,T6B73200434,319488
1343,T6B73200435,481024
1344,T6B73200436,172800
1345,T6B73200437,197888
1346,T6B73200438,164480
1347,T6B73200439,320320
1348,T6B73200440,165664
1349,T6B73200441,124477
1350,T6B73200442,131968
1351,T6B73200443,251712
1352,T6B73200444,178080
1353,T6B73200445,121472
1354,T6B73200446,417248
1355,T6B73200447,331648
1356,T6B73200448,389152
1357,T6B73200449,145600
1358,T6B73200450,154688
1359,T6B73200451,138176
1360,T6B73200452,298048
1361,T6B73200453,390688
1362,T6B73200454,187776
1363,T6B73200455,281600
1364,T6B73200456,27136
1365,T6B73200457,110450
1366,T6B73200458,196768
1367,T6B73200459,334336
1368,T6B73200460,153600
1369,T6B73200461,159424
1370,T6B73200462,309376
1371,T6B73200463,423392
1372,T6B73200464,379520
1373,T6B73200465,183424
1374,T6B73200466,220160
1375,T6B73200467,299264
1376,T6B73200468,203776
1377,T6B73200469,111453
1378,T6B73200470,325248
1379,T6B73200471,396416
1380,T6B73200472,565088
1381,T6B73200473,384384
1382,T6B73200474,334720
1383,T6B73200475,430048
1384,T6B73200476,367808
1385,T6B73200477,331232
1386,T6B73200478,63680
1387,T6B73200479,231296
1388,T6B73200480,75941
1389,T6B73200481,139813
1390,T6B73200482,379712
1391,T6B73200483,306032
1392,T6B73200484,140032
1393,T6B73200485,273408
1394,T6B73200486,161728
1395,T6B73200487,225664
1396,T6B73200488,340800
1397,T6B73200489,375616
1398,T6B73200490,294960
1399,T6B73200491,376368
1400,T6B73200492,148160
1401,T6B73200493,298176
1402,T6B73200494,157520
1403,T6B73200495,227472
1404,T6B73200496,155200
1405,T6B73200497,390400
1406,T6B73200498,363392
1407,T6B73200499,328960
1408,T6B73200500,120150
1409,T6B73200501,310272
1410,T6B73200502,346560
1411,T6B73200503,541472
1412,T6B73200504,396800
1413,T6B73200505,153088
1414,T6B73200506,353600
1415,T6B73200507,150336
1416,T6B73200508,161888
1417,T6B73200509,122842
1418,T6B73200510,336000
1419,T6B73200511,38242
1420,T6B73200512,186752
1421,T6B73200513,495776
1422,T6B73200514,422688
1423,T6B73200515,244016
1424,T6B73200516,419520
1425,T6B73200517,217536
1426,T6B73200518,391360
1427,T6B73200519,186112
1428,T6B73200520,400576
1429,T6B73200521,437760
1430,T6B73200522,247328
1431,T6B73200523,379072
1432,T6B73200524,279872
1433,T6B73200525,125056
1434,T6B73200526,130176
1435,T6B73200527,201248
1436,T6B73200528,134528
1437,T6B73200529,414368
1438,T6B73200530,154080
1439,T6B73200531,358848
1440,T6B73200532,139712
1441,T6B73200533,265904
1442,T6B73200534,296448
1443,T6B73200535,391936
1444,T6B73200536,380016
1445,T6B73200537,169920
1446,T6B73200538,384064
1447,T6B73200539,546400
1448,T6B73200540,187968
1449,T6B73200541,351296
1450,T6B73200542,175488
1451,T6B73200543,172992
1452,T6B73200544,461600
